<?xml version="1.0" encoding="UTF-8" standalone="yes"?>
    <addon id="plugin.video.acmeplayer"
    version="20.6.30"
    name="   [COLORspringgreen]Acme [COLORpalegreen]Player[/COLOR]"
    provider-name="[COLORspringgreen]• [COLORpalegreen]Loonatics [COLORspringgreen]•[/COLOR]">
    <requires>
        <import addon="xbmc.python" version="2.25.0"/>
        <import addon="metadata.tvdb.com" version="3.0.14"/>
        <import addon="script.module.futures" version="2.2.0"/>
        <import addon="script.module.requests" version="2.19.1"/>
        <import addon="script.module.requests-cache" version="0.4.13"/>
    </requires>
    <extension point="xbmc.python.pluginsource" library="addon.py">
        <provides>video</provides>
    </extension>
    <extension point="xbmc.service" library="service.py"/>
    <extension point="kodi.context.item">
        <menu id="kodi.core.main">
            <item library="context.py">
                <label>Acme Player - Default Player</label>
                <visible>!String.StartsWith(ListItem.path,plugin://plugin.video.acmeplayer/)+[String.IsEqual(ListItem.dbtype,episode)|String.IsEqual(ListItem.dbtype,movie)]</visible>
            </item>
            <item library="context2.py">
                <label>Acme Player - Choose Player</label>
                <visible>String.IsEqual(ListItem.dbtype,movie) | String.IsEqual(ListItem.dbtype,episode)</visible>
            </item>
        </menu>
    </extension>
    <extension point="xbmc.addon.metadata">
        <platform>all</platform>
        <summary lang="en">TMDb, TVDb and Trakt browser</summary>
        <description lang="en">Browse The MovieDb, The TVDb, Trakt and pass info along to library or an addon. Needs player-files and the appropriate addon to play the files.</description>
        <assets>
            <icon>icon.png</icon>
            <fanart>fanart.jpg</fanart>
        </assets>
        <license></license>
        <forum></forum>
        <website></website>
        <source></source>
        <news>
        </news>
    </extension>
</addon>
