<?xml version="1.0" encoding="UTF-8" standalone="yes"?>
<addons>

<addon id="repository.straitjacket"
       name="  [COLORdarkslateblue]Straitjacket[/COLOR][COLORdimgray]Repo[/COLOR]"
       version="20.7.24"
       provider-name="[COLORdarkslateblue]• Cable •[/COLOR]">
    <extension point="xbmc.addon.repository" name="Straitjacket Repository">
    <dir>
        <info compressed="false">https://raw.githubusercontent.com/watchdogs36/straitjacket/master/zips/addons.xml</info>
        <checksum>https://raw.githubusercontent.com/watchdogs36/straitjacket/master/zips/addons.xml.md5</checksum>
        <datadir zip="true">https://raw.githubusercontent.com/watchdogs36/straitjacket/master/zips/</datadir>
    </dir>
    <dir>
        <info compressed="false">https://raw.githubusercontent.com/jsergio123/zips/master/addons.xml</info>
        <checksum>https://raw.githubusercontent.com/jsergio123/zips/master/addons.xml.md5</checksum>
        <datadir zip="true">https://raw.githubusercontent.com/jsergio123/zips/master/</datadir>
    </dir>
    <dir>
        <info compressed="false">https://raw.githubusercontent.com/a4k-openproject/repository.openscrapers/master/zips/addons.xml</info>
        <checksum>https://raw.githubusercontent.com/a4k-openproject/repository.openscrapers/master/zips/addons.xml.md5</checksum>
        <datadir zip="true">https://raw.githubusercontent.com/a4k-openproject/repository.openscrapers/master/zips/</datadir>
    </dir>
    <dir>
        <info compressed="false">https://raw.githubusercontent.com/teamuniversal/scrapers/master/_modules4all/zips/addons.xml</info>
        <checksum>https://raw.githubusercontent.com/teamuniversal/scrapers/master/_modules4all/zips/addons.xml.md5</checksum>
        <datadir zip="true">https://raw.githubusercontent.com/teamuniversal/scrapers/master/_modules4all/zips/</datadir>
    </dir>
    </extension>
    <extension point="xbmc.addon.metadata">
        <summary>[COLORdarkslateblue]Straitjacket Repo[/COLOR]</summary>
        <description>[COLORdarkslateblue]Straitjacket Repo[/COLOR]</description>
        <platform>all</platform>
    <assets>
        <icon>icon.png</icon>
        <fanart>fanart.jpg</fanart>
    </assets>
    </extension>
</addon>