<?xml version="1.0" encoding="UTF-8" standalone="yes"?>
<addon  id="plugin.video.watchdogs" version="20.8.23" name="   [COLORmagenta]Watch[COLORcyan]dogs[/COLOR]" provider-name="[COLORmagenta]• [COLORcyan]Cable [COLORmagenta]•[/COLOR]">

    <requires>
        <import addon="xbmc.python" version="2.19.0" />
        <import addon="script.module.requests" version="2.19.1" />
        <import addon="script.module.beautifulsoup4" version="4.5.3"/>
        <import addon="script.module.metahandler" version="2.9.0" />
        <import addon="plugin.video.youtube" version="6.2.0"/>
        <import addon="plugin.video.live.streamspro" version="2.9.4"/>
        <import addon="script.module.resolveurl" />
        <import addon="script.module.openscrapers" />
        <import addon="script.module.addon.signals" version="0.0.3"/>
        <import addon="context.watchdogs" />
        <import addon="script.swift" />
        <import addon="script.tvtap" />
		<import addon="script.wdtorrent" />
		<import addon="plugin.program.madhouse.favourites" />
		<import addon="plugin.video.wdtorrentrssviewer" />
		<import addon="script.module.mctools" />
		<import addon="script.elementum.burst" optional="true"/>
		<import addon="plugin.video.elementum" optional="true"/>
		<import addon="context.elementum" optional="true"/>
        <!-- <import addon="plugin.video.SportsDevil" /> -->
        <!-- <import addon="script.video.F4mProxy" version="2.8.7" /> -->
        <!-- <import addon="plugin.video.f4mTester" version="2.7.1"/> -->
        <!-- <import addon="script.module.liveresolver" version="0.1.50" /> -->
    </requires>

    <extension point="xbmc.python.pluginsource" library="watchdogs.py">
        <provides>video</provides>
    </extension>

    <extension point="xbmc.service" library="service.py" start="startup" />
    <extension point="xbmc.python.module" library="resources/lib/"/>

    <extension point="xbmc.addon.metadata">
        <platform>all</platform>
        <reuselanguageinvoker>false</reuselanguageinvoker> <!-- You can enable this if you want, expect some instability but much faster menu speeds -->
        <summary lang="en">[COLORmagenta]Watch[COLORcyan]dogs[/COLOR] [COLORwhite]Movies-TV Shows-Trakt-IMDB-TMDB[/COLOR]</summary>
        <description>[COLORmagenta]Watch[COLORcyan]dogs[/COLOR] [COLORwhite]Movies - TV Shows - Trakt - IMDB - TMDB[/COLOR]</description>
        <disclaimer lang="en">The author of this addon do not host any of the content which is found and have no affiliation with any of the content providers. This addon simply searches websites for content. Use at your own risk!</disclaimer>
        <forum></forum>
        <website></website>
        <source></source>
        <license>GNU GENERAL PUBLIC LICENSE. Version 3, 29 June 2007</license>
        <assets>
            <icon>icon.png</icon>
            <fanart>fanart.jpg</fanart>
            <screenshot>resources/screenshots/screenshot000.png</screenshot>
        </assets>
        <news></news>
    </extension>

</addon>
