<?xml version="1.0" encoding="UTF-8" standalone="yes"?>
<addon id="plugin.program.acme"
       name="[B][COLOR crimson]A[/COLOR][/B][B][COLOR salmon]C[/COLOR][/B][B][COLOR crimson]M[/COLOR][/B][B][COLOR salmon]E[/COLOR][/B] [COLOR crimson]Wizard[/COLOR]"
       version="20.8.21"
       provider-name="[COLORgreen]• [COLORspringgreen]Tech [COLORpalegreen]E [COLORlime]Coyote [COLORgreen]•[/COLOR]">
    <requires>
        <import addon="xbmc.python" version="2.1.0" />
        <import addon="script.module.requests" />
        <import addon="script.module.six" />
        <import addon="script.kodi.android.update" optional="true" version="1.1.7" />
    </requires>

    <extension point="xbmc.python.pluginsource" library="default.py">
        <provides>executable</provides>
    </extension>

    <extension point="xbmc.service" library="startup.py" start="startup" />

    <extension point="xbmc.addon.metadata">
        <summary lang="en">[B][COLOR crimson]A[/COLOR][/B][B][COLOR salmon]C[/COLOR][/B][B][COLOR crimson]M[/COLOR][/B][B][COLOR salmon]E[/COLOR][/B] [COLOR crimson]Wizard[/COLOR]</summary>
        <description lang="en">[B][COLOR crimson]A[/COLOR][/B][B][COLOR salmon]C[/COLOR][/B][B][COLOR crimson]M[/COLOR][/B][B][COLOR salmon]E[/COLOR][/B] [COLOR crimson]Wizard[/COLOR]</description>
        <platform>all</platform>
        <reuselanguageinvoker>false</reuselanguageinvoker>
        <source></source>
        <news>
 - Initial Commit
        </news>
        <assets>
            <icon>icon.png</icon>
            <fanart>fanart.png</fanart>
        </assets>
    </extension>
</addon>
